GLOBAL,CATEGORY,YEAR,INDICATOR,SOURCE,DESCRIPTION,UNIT,MAP,GRAPH,FILE,OPTIONS,TYPE,AFG,ALB,DZA,AND,AGO,AIA,ATG,ARG,ARM,ABW,AUS,AUT,AZE,BHS,BHR,BGD,BRB,BLR,BEL,BLZ,BEN,BMU,BTN,BOL,BIH,BWA,BRA,VGB,BRN,BGR,BFA,BDI,KHM,CMR,CAN,CPV,CYM,CAF,TCD,CHL,CHN,COL,COM,COG,COK,CRI,CIV,HRV,CUB,CYP,CZE,PRK,COD,DNK,DJI,DMA,DOM,ECU,EGY,SLV,GNQ,ERI,EST,ETH,FJI,FIN,FRA,GAB,GMB,GEO,DEU,GHA,GIB,GRC,GRD,GTM,GIN,GNB,GUY,HTI,VAT,HND,HKG,HUN,ISL,IND,IDN,IRN,IRQ,IRL,ISR,ITA,JAM,JPN,JOR,KAZ,KEN,KIR,KWT,KGZ,LAO,LVA,LBN,LSO,LBR,LBY,LIE,LTU,LUX,MAC,MDG,MWI,MYS,MDV,MLI,MLT,MHL,MRT,MUS,MEX,FSM,MCO,MNG,MNE,MSR,MAR,MOZ,MMR,NAM,NRU,NPL,NLD,ANT,NZL,NIC,NER,NGA,NIU,NOR,OMN,PAK,PLW,PSE,PAN,PNG,PRY,PER,PHL,POL,PRT,QAT,KOR,MDA,ROU,RUS,RWA,KNA,LCA,VCT,WSM,SMR,STP,SAU,SEN,SRB,SYC,SLE,SGP,SVK,SVN,SLB,SOM,ZAF,ESP,LKA,SDN,SUR,SWZ,SWE,CHE,SYR,TJK,THA,MKD,TLS,TGO,TKL,TON,TTO,TUN,TUR,TKM,TCA,TUV,UGA,UKR,ARE,GBR,TZA,USA,URY,UZB,VUT,VEN,VNM,YEM,ZMB,ZWE,GUF,ESH,TWN,GRL,EAZ,SJM,PRI,IMN,JEY,GGY,VIR
,Category A,,,,,,,,,,,,,,,,,,,,,,,,,,,,,,,,,,,,,,,,,,,,,,,,,,,,,,,,,,,,,,,,,,,,,,,,,,,,,,,,,,,,,,,,,,,,,,,,,,,,,,,,,,,,,,,,,,,,,,,,,,,,,,,,,,,,,,,,,,,,,,,,,,,,,,,,,,,,,,,,,,,,,,,,,,,,,,,,,,,,,,,,,,,,,,,,,,,,,,,,,,,,,,,,,,,,,,,,,,,,,,,,,,,,,
,>Sub-Category Example A-1,2010,,<a href='http://www.sacmeq.org/statplanet'>Example source</a>,,,,,,y=[2000],,,,,,,,,,,,,,,,,,,,,,,,,,,,,,,,,,,,,,,,,,,,,,,,,,,,,,,,,,,,,,,,,,,,,,,,,,,,,,,,,,,,,,,,,,,,,,,,,,,,,,,,,,,,,,,,,,,,,,,,,,,,,,,,,,,,,,,,,,,,,,,,,,,,,,,,,,,,,,,,,,,,,,,,,,,,,,,,,,,,,,,,,,,,,,,,,,,,,,,,,,,,,,,,,,,,,,,,,,,,
,,,Example indicator XMain-1 (i),,Example description indicator 1,,0=[0xBD0026][10000] 1=[0xF03B20][8000] 2=[0xFD8D3C][6000] 3=[0xFEB24C][4000] 4=[0xFED976][2000] 5=[0xFFFFB2],,,,,
,,2011,,,,,,,,,,,,,,,,,,,,,,,,,,,,,,,,,,,,,,,,,,,,,,,,,,,,,,,,,,,,,,,,,,,,,,,,,,,,,,,,,,,,,,,,,,,,,,,,,,,,,,,,,,,,,,,,,,,,,,,,,,,,,,,,,,,,,,,,,,,,,,,,,,,,,,,,,,,,,,,,,,,,,,,,,,,,,,,,,,,,,,,,,,,,,,,,,,,,,,,,,,,,,,,,,,,,,,,,,,,,,,,,,,,,
,,,-,,,,,,,,,,,,,,,,,,,,,,,,,,,,,,,103,,,,,,,,77,,,,,,,,,,,,,,,,,,,,,,,,79,,,,,,,,,,,,,,,,,90,,,,,,,,,,,,,,,,,,,,,,,,97,,,,,,,,,,,,,,,,,,,70,,,,,,,,,,,,,,,,,,,,,,,,,,,,,,,,,,,,,,,,,,,,,,,,,,,,,,,,,,,,,,,,,,,,108,,,,,,,,,,,,,,,,,,,97,,,,,,,,,,,,,,,,,,
,,2010,,,,,,,,,,,,,,,,,,,,,,,,,,,,,,,,,,,,,,,,,,,,,,,,,,,,,,,,,,,,,,,,,,,,,,,,,,,,,,,,,,,,,,,,,,,,,,,,,,,,,,,,,,,,,,,,,,,,,,,,,,,,,,,,,,,,,,,,,,,,,,,,,,,,,,,,,,,,,,,,,,,,,,,,,,,,,,,,,,,,,,,,,,,,,,,,,,,,,,,,,,,,,,,,,,,,,,,,,,,,,,,,,,,,
,,,-,,,,,,,,,50,97,,104,68,,101,,102,100,,,,,,,109,,,97,,118,101,,102,,,,103,,76,71,90,83,,119,,,41,,103,109,,,,105,,,98,,,,,,,109,112,,,101,,76,,,,,,,,,,,,,102,93,,,110,,,122,,,,,100,,,,,,103,,,97,,,,,,97,112,138,,,,,,,,90,,,69,,,84,99,,,,,101,,,81,,,,,,,104,109,66,88,,,,75,,,106,,,,,,,120,,,,,101,,,,114,101,,94,87,102,109,,,,,,,,,,,,100,,,100,86,108,,100,,,,,,,,,,84,97,,,,,,98,101,,,,,,,,,,,,105,,,,,
,,2009,,,,,,,,,,,,,,,,,,,,,,,,,,,,,,,,,,,,,,,,,,,,,,,,,,,,,,,,,,,,,,,,,,,,,,,,,,,,,,,,,,,,,,,,,,,,,,,,,,,,,,,,,,,,,,,,,,,,,,,,,,,,,,,,,,,,,,,,,,,,,,,,,,,,,,,,,,,,,,,,,,,,,,,,,,,,,,,,,,,,,,,,,,,,,,,,,,,,,,,,,,,,,,,,,,,,,,,,,,,,,,,,,,,,
,,,-,,,,,,,,,48,100,101,106,76,,100,112,101,100,96,95,,,,109,110,,96,96,,,99,,102,,,,102,96,74,72,,83,,119,,,41,102,106,110,,,,106,,103,99,101,101,,,101,73,111,113,104,,102,,71,101,,109,104,100,,,,94,89,,,100,,58,,106,,,,,98,102,,99,,,106,101,98,101,100,,97,90,,,,,100,111,139,,,100,99,,,94,87,107,,66,87,102,83,99,107,,100,107,100,,,78,,,,,98,,102,,60,87,,97,98,77,,,108,,104,97,108,99,103,129,,,99,97,95,,,,115,103,,89,,102,112,,,,99,,,104,104,,,122,101,99,96,100,88,109,,98,,,,,105,91,,,,81,97,,,,,,99,108,,,,84,,,,,,,,102,,,,,
,,2008,,,,,,,,,,,,,,,,,,,,,,,,,,,,,,,,,,,,,,,,,,,,,,,,,,,,,,,,,,,,,,,,,,,,,,,,,,,,,,,,,,,,,,,,,,,,,,,,,,,,,,,,,,,,,,,,,,,,,,,,,,,,,,,,,,,,,,,,,,,,,,,,,,,,,,,,,,,,,,,,,,,,,,,,,,,,,,,,,,,,,,,,,,,,,,,,,,,,,,,,,,,,,,,,,,,,,,,,,,,,,,,,,,,,
,,,-,,,,,,,,,43,97,,107,77,,95,113,103,103,95,95,,,,113,111,,96,97,,,94,,101,,110,,102,96,74,70,84,79,97,111,113,,41,102,105,109,,,,105,,103,99,101,101,,,102,69,104,118,,,103,,71,102,,106,104,100,,,94,97,89,,,90,93,58,,107,,,126,,98,103,87,99,,,107,101,98,105,100,104,98,91,110,106,,,101,111,135,,,108,99,102,,94,84,107,,65,96,106,87,98,107,,,,114,,,74,,,,,98,,104,113,60,84,,97,,74,,,108,,104,99,109,98,105,130,,,99,96,90,,,,,,,89,79,102,113,,,,99,,,103,105,,,127,,99,95,99,87,108,,100,,,,106,106,88,,,,83,98,,,,,113,98,104,,,,85,,,,,,,,,,,,,
,,2007,,,,,,,,,,,,,,,,,,,,,,,,,,,,,,,,,,,,,,,,,,,,,,,,,,,,,,,,,,,,,,,,,,,,,,,,,,,,,,,,,,,,,,,,,,,,,,,,,,,,,,,,,,,,,,,,,,,,,,,,,,,,,,,,,,,,,,,,,,,,,,,,,,,,,,,,,,,,,,,,,,,,,,,,,,,,,,,,,,,,,,,,,,,,,,,,,,,,,,,,,,,,,,,,,,,,,,,,,,,,,,,,,,,,
,,,-,,,,,,,,,37,,,107,,,98,113,104,101,96,96,,,,106,109,102,96,97,,,,,101,105,,,103,95,73,71,81,,97,119,102,,44,102,103,111,,,,105,,103,100,101,101,,,102,70,108,120,101,,104,,70,102,,111,104,100,,,,97,88,,94,97,92,56,,100,,,125,,99,105,85,100,,74,107,100,98,105,100,103,98,87,117,103,,,102,112,133,,,108,99,103,,95,83,107,,66,101,99,86,98,106,,,,100,,85,72,,117,,,98,,102,112,60,77,,98,,74,,,107,,103,98,110,98,107,,,,99,97,89,,,,,,,,77,102,110,,,,99,84,45,104,106,,,133,90,99,94,98,84,109,,,52,,,,,85,,,,80,99,,,,,98,98,,,,,91,,,,,,,,,,,,,
,,2006,,,,,,,,,,,,,,,,,,,,,,,,,,,,,,,,,,,,,,,,,,,,,,,,,,,,,,,,,,,,,,,,,,,,,,,,,,,,,,,,,,,,,,,,,,,,,,,,,,,,,,,,,,,,,,,,,,,,,,,,,,,,,,,,,,,,,,,,,,,,,,,,,,,,,,,,,,,,,,,,,,,,,,,,,,,,,,,,,,,,,,,,,,,,,,,,,,,,,,,,,,,,,,,,,,,,,,,,,,,,,,,,,,,,
,,,-,,,,,,,,,36,,,110,,,,112,103,98,94,95,95,,104,106,110,101,96,97,,108,91,,,105,,,103,95,72,73,78,79,97,116,100,,35,101,102,111,,,,106,,103,101,101,101,,,103,67,107,120,101,,104,,60,102,,109,104,100,,,99,97,85,,97,,91,53,,,,,,,99,102,83,100,,,108,98,99,,100,103,98,93,118,105,,,100,110,128,,,112,99,104,,95,84,108,,62,,100,84,98,105,,,109,101,,,71,,116,,88,98,,104,113,63,82,,99,,76,,,108,,103,98,111,98,108,,,,100,98,90,,,,,,,,76,103,,,,,100,84,,105,106,,,131,102,99,94,95,82,107,,,54,,100,,107,84,,,,80,98,101,,,,116,97,,,,,,92,,,,,,,,,,,,
,,2005,,,,,,,,,,,,,,,,,,,,,,,,,,,,,,,,,,,,,,,,,,,,,,,,,,,,,,,,,,,,,,,,,,,,,,,,,,,,,,,,,,,,,,,,,,,,,,,,,,,,,,,,,,,,,,,,,,,,,,,,,,,,,,,,,,,,,,,,,,,,,,,,,,,,,,,,,,,,,,,,,,,,,,,,,,,,,,,,,,,,,,,,,,,,,,,,,,,,,,,,,,,,,,,,,,,,,,,,,,,,,,,,,,,,
,,,-,,,,,,,,,32,,107,111,,,,111,102,100,95,95,95,,101,107,107,101,96,99,53,113,88,,,104,109,,102,95,70,73,74,78,97,109,95,,34,101,,110,75,,,106,,102,101,101,101,,,103,66,108,119,100,,102,,58,101,,,104,100,,,96,97,84,,97,101,90,50,,102,,,,,99,102,82,98,,,109,98,99,103,100,102,98,95,113,105,,,99,,127,,,,99,105,,95,81,109,,62,96,100,87,98,105,,,110,101,,84,68,,114,,85,97,,105,113,63,83,,100,,76,,,107,,102,97,112,99,109,,,,101,98,88,,,,113,,,93,74,102,106,,,,99,84,,106,106,,,128,101,99,94,93,83,106,,99,52,,,,107,83,,93,,79,92,101,,,,115,96,,,,,81,,,,,,,,,,,,,
,,2004,,,,,,,,,,,,,,,,,,,,,,,,,,,,,,,,,,,,,,,,,,,,,,,,,,,,,,,,,,,,,,,,,,,,,,,,,,,,,,,,,,,,,,,,,,,,,,,,,,,,,,,,,,,,,,,,,,,,,,,,,,,,,,,,,,,,,,,,,,,,,,,,,,,,,,,,,,,,,,,,,,,,,,,,,,,,,,,,,,,,,,,,,,,,,,,,,,,,,,,,,,,,,,,,,,,,,,,,,,,,,,,,,,,,
,,,-,,,,,,,,,20,95,107,108,,,,110,101,100,96,94,94,,100,103,108,101,96,102,45,115,,,,105,109,,102,95,69,75,69,78,,110,107,,33,101,,110,75,,,106,,,101,102,101,,,104,68,109,117,100,,102,,56,102,,106,104,100,,,98,98,84,,100,107,89,46,,104,,,,,99,103,80,99,,67,107,99,99,101,100,102,98,93,118,106,,,99,,126,,,108,99,105,,,81,112,112,60,93,104,85,98,105,,,111,100,,83,69,,113,,,98,,105,113,61,80,,102,,76,102,,107,,101,97,111,100,110,,,,101,99,89,,,,112,,,,72,102,109,,,,100,84,,106,106,101,,,98,103,93,93,83,107,,97,51,,104,106,,77,,98,,79,98,103,,,,115,95,86,,,,79,,,,,,,,,,,,,
,,2003,,,,,,,,,,,,,,,,,,,,,,,,,,,,,,,,,,,,,,,,,,,,,,,,,,,,,,,,,,,,,,,,,,,,,,,,,,,,,,,,,,,,,,,,,,,,,,,,,,,,,,,,,,,,,,,,,,,,,,,,,,,,,,,,,,,,,,,,,,,,,,,,,,,,,,,,,,,,,,,,,,,,,,,,,,,,,,,,,,,,,,,,,,,,,,,,,,,,,,,,,,,,,,,,,,,,,,,,,,,,,,,,,,,,
,,,-,,,,,,,,,34,96,106,107,,,,107,103,104,97,94,94,,103,111,109,103,110,102,44,112,,,,105,110,,103,97,68,76,63,83,,108,,,32,101,96,,83,,,107,,101,98,101,102,,,105,65,112,121,101,,101,,64,103,,107,110,100,,,97,98,85,,101,97,88,46,,,,,,,100,106,80,98,,71,108,97,99,101,100,103,100,102,118,105,,,99,,128,,,105,98,105,,,79,112,110,54,99,107,82,99,106,,,113,99,,81,,,112,,76,98,,109,113,61,78,,101,95,77,98,,,,101,93,110,95,108,105,,,101,99,88,,,,113,,,,69,103,107,,,,99,81,,106,105,105,,132,102,118,94,92,82,100,,,48,,,108,106,73,,99,,79,99,106,,,,114,96,84,,,,,90,,,,,,,,,,,,
,,2002,,,,,,,,,,,,,,,,,,,,,,,,,,,,,,,,,,,,,,,,,,,,,,,,,,,,,,,,,,,,,,,,,,,,,,,,,,,,,,,,,,,,,,,,,,,,,,,,,,,,,,,,,,,,,,,,,,,,,,,,,,,,,,,,,,,,,,,,,,,,,,,,,,,,,,,,,,,,,,,,,,,,,,,,,,,,,,,,,,,,,,,,,,,,,,,,,,,,,,,,,,,,,,,,,,,,,,,,,,,,,,,,,,,,
,,,-,,,,,,,,,,,104,106,82,,,102,105,105,96,94,92,,108,110,108,103,111,102,45,108,,,,105,109,,102,97,66,,59,,101,104,105,,33,101,,110,84,,,107,,101,99,102,102,,,104,61,112,120,100,,100,57,64,102,,107,110,100,,,98,98,85,,102,114,88,42,,,,,,,100,105,74,98,,61,108,98,96,102,100,103,98,95,115,105,,,100,,128,,,,98,106,,,77,109,114,,99,103,78,99,104,,,117,,,80,65,,111,,74,97,,110,116,59,76,,102,97,,,,106,,101,93,110,96,104,117,,,101,,98,,,,112,,,,67,102,105,,,,100,81,,107,106,106,,138,102,121,94,90,82,100,,,47,,110,110,101,72,,102,,79,100,109,,,,112,96,94,,,,83,88,,,,,,,,,,,,
,,2001,,,,,,,,,,,,,,,,,,,,,,,,,,,,,,,,,,,,,,,,,,,,,,,,,,,,,,,,,,,,,,,,,,,,,,,,,,,,,,,,,,,,,,,,,,,,,,,,,,,,,,,,,,,,,,,,,,,,,,,,,,,,,,,,,,,,,,,,,,,,,,,,,,,,,,,,,,,,,,,,,,,,,,,,,,,,,,,,,,,,,,,,,,,,,,,,,,,,,,,,,,,,,,,,,,,,,,,,,,,,,,,,,,,,
,,,-,,,,,,,,,,96,,,77,,,103,105,104,98,95,92,,109,108,108,104,111,104,45,107,85,,,104,109,,104,97,66,78,56,81,,104,97,,30,,95,110,,,,107,,101,104,100,103,,,104,62,109,,101,,100,,70,102,,107,110,100,,,99,98,84,,105,,88,40,,101,,,,,100,105,71,97,,61,108,99,97,102,101,,98,,118,105,,,101,,128,,,,99,106,,,77,108,107,,97,,77,97,103,,106,120,,,80,63,,113,,71,97,,,117,60,83,,102,98,,100,,107,,102,93,110,97,105,122,,,101,,99,,,,113,,,,66,101,107,68,,,102,82,,109,105,,,118,100,126,94,90,82,97,,,45,,109,107,103,72,,,109,76,98,102,,,,113,96,91,,,,77,88,,,,,,,,,,,,
,,2000,,,,,,,,,,,,,,,,,,,,,,,,,,,,,,,,,,,,,,,,,,,,,,,,,,,,,,,,,,,,,,,,,,,,,,,,,,,,,,,,,,,,,,,,,,,,,,,,,,,,,,,,,,,,,,,,,,,,,,,,,,,,,,,,,,,,,,,,,,,,,,,,,,,,,,,,,,,,,,,,,,,,,,,,,,,,,,,,,,,,,,,,,,,,,,,,,,,,,,,,,,,,,,,,,,,,,,,,,,,,,,,,,,,,
,,,-,,,,,,,,,,96,,,81,,91,104,,103,100,95,95,,108,103,111,103,110,105,43,,82,,,105,110,,105,97,65,,54,,101,,99,,28,102,,110,81,,,109,,102,104,102,101,,,104,65,112,122,101,,99,44,68,104,,109,109,100,86,,98,98,82,,106,,88,,54,,,,,,100,106,71,95,,62,108,100,,102,101,104,101,95,127,103,,,102,,132,72,,,99,106,,,75,108,108,56,100,,73,96,102,,,122,,,79,62,,112,,71,96,,105,117,59,84,,102,99,,103,,106,,103,93,,97,106,115,,,101,,94,,,,113,,,,65,102,105,,,,103,79,,110,105,,,,100,126,93,91,85,,,,44,,111,109,103,72,,,,76,100,105,,,,113,96,114,,,,80,87,,,,,,,,,,,,
,,1999,,,,,,,,,,,,,,,,,,,,,,,,,,,,,,,,,,,,,,,,,,,,,,,,,,,,,,,,,,,,,,,,,,,,,,,,,,,,,,,,,,,,,,,,,,,,,,,,,,,,,,,,,,,,,,,,,,,,,,,,,,,,,,,,,,,,,,,,,,,,,,,,,,,,,,,,,,,,,,,,,,,,,,,,,,,,,,,,,,,,,,,,,,,,,,,,,,,,,,,,,,,,,,,,,,,,,,,,,,,,,,,,,,,,
,,,-,,,,,,,,,,94,,,75,,,104,,105,99,95,98,,109,99,111,104,107,106,44,,79,,,106,110,,108,98,61,,53,83,101,,95,,26,103,,110,81,,,109,,101,105,103,104,,,105,72,132,123,102,,97,37,68,104,,110,109,99,85,,98,98,80,,104,,83,36,,98,,,,,101,105,70,,,63,106,99,99,100,101,104,100,95,123,103,,,103,109,135,64,,,100,104,,,70,108,107,53,85,106,75,98,100,,,125,,,78,62,,111,,69,95,,105,118,58,91,,102,100,,106,,107,,103,93,109,98,108,111,,,101,,100,,,,110,,,,64,101,103,,,,103,75,,112,106,,,,99,126,92,91,85,,,,39,,114,109,99,68,,,,,103,109,,,,117,98,87,,,,77,88,,,,,,,,,,,,
,,1998,,,,,,,,,,,,,,,,,,,,,,,,,,,,,,,,,,,,,,,,,,,,,,,,,,,,,,,,,,,,,,,,,,,,,,,,,,,,,,,,,,,,,,,,,,,,,,,,,,,,,,,,,,,,,,,,,,,,,,,,,,,,,,,,,,,,,,,,,,,,,,,,,,,,,,,,,,,,,,,,,,,,,,,,,,,,,,,,,,,,,,,,,,,,,,,,,,,,,,,,,,,,,,,,,,,,,,,,,,,,,,,,,,,,
,,,-,,,,,,,,,,,,,78,,,106,,,103,94,101,,106,93,,104,,,,,78,,,108,,,109,98,,,54,72,99,,,,25,104,,111,,,,108,,101,,,104,,,104,,,128,104,,95,,,104,,106,109,99,,,,97,,,104,,89,,,,,,,,102,101,,,,,106,100,99,,101,,104,,,102,,,104,109,147,,,,100,104,,94,,108,106,50,,,74,101,99,,,133,,,77,,,114,,,96,,105,117,57,,,100,97,,,,,70,104,94,109,99,107,100,,,101,,,,,,112,,,,61,,99,,,,103,,,113,107,,,,100,125,91,89,,,,,,,113,,,,,,,64,,105,,,,132,,,,,,76,,,,,,,,,,,,,
,,1997,,,,,,,,,,,,,,,,,,,,,,,,,,,,,,,,,,,,,,,,,,,,,,,,,,,,,,,,,,,,,,,,,,,,,,,,,,,,,,,,,,,,,,,,,,,,,,,,,,,,,,,,,,,,,,,,,,,,,,,,,,,,,,,,,,,,,,,,,,,,,,,,,,,,,,,,,,,,,,,,,,,,,,,,,,,,,,,,,,,,,,,,,,,,,,,,,,,,,,,,,,,,,,,,,,,,,,,,,,,,,,,,,,,,
,,,-,,,,,,,,,,,95,,,,,109,,,103,95,109,,106,,,,,,,,,,,,,,,99,,,,80,,,,,25,,88,,,,,111,,101,112,102,103,,,,70,,,,,,,71,,,,113,99,,,96,98,,,103,,,,,,92,,,,103,,66,,,,108,,99,,,,110,,,101,,,107,109,141,,,,102,105,,,,,107,48,,,,,98,,,136,,,75,,,114,,,95,,104,,54,,,96,96,,,,,,105,,,99,,,,,99,,,,,,,,,,59,,,,,,103,,,,106,,,,,119,,89,,,,,36,,,,95,,,,,59,,105,,,,,,,,,,,,,,,,,,,,,,,
,,1996,,,,,,,,,,,,,,,,,,,,,,,,,,,,,,,,,,,,,,,,,,,,,,,,,,,,,,,,,,,,,,,,,,,,,,,,,,,,,,,,,,,,,,,,,,,,,,,,,,,,,,,,,,,,,,,,,,,,,,,,,,,,,,,,,,,,,,,,,,,,,,,,,,,,,,,,,,,,,,,,,,,,,,,,,,,,,,,,,,,,,,,,,,,,,,,,,,,,,,,,,,,,,,,,,,,,,,,,,,,,,,,,,,,,
,,,-,,,,,,,,,,95,90,,,,,111,,,99,94,105,,103,,,,106,,,,,,,,,,,99,,,,,100,,,,24,,87,105,,,,110,,102,105,117,103,,,102,72,,,,,,,73,110,,,117,98,88,,96,97,,,102,,88,35,,,,,,,103,97,64,86,,63,107,,99,,,103,,,,100,,,107,109,142,,,,103,103,,,67,,105,51,101,,53,104,98,,,134,,,74,,,116,,64,94,,105,,52,,,94,94,,,,,,105,,,,109,95,,,101,,,,,,106,,,,60,,,,,,103,,,,110,,,,,117,93,86,,,,,35,,,,93,,,,,,,,,,,,,,,,,,85,,,,,,,,,,,,
,,1995,,,,,,,,,,,,,,,,,,,,,,,,,,,,,,,,,,,,,,,,,,,,,,,,,,,,,,,,,,,,,,,,,,,,,,,,,,,,,,,,,,,,,,,,,,,,,,,,,,,,,,,,,,,,,,,,,,,,,,,,,,,,,,,,,,,,,,,,,,,,,,,,,,,,,,,,,,,,,,,,,,,,,,,,,,,,,,,,,,,,,,,,,,,,,,,,,,,,,,,,,,,,,,,,,,,,,,,,,,,,,,,,,,,,
,,,-,,,,,,,,,36,96,88,,,,,,,,99,93,104,,101,,,,107,103,,,,,,110,,,,99,,,,68,100,,,,23,,85,115,,,,108,,102,112,101,102,,,102,68,,,,,,,72,111,,,115,98,82,,91,97,,,101,,,,,,,,,,103,97,64,85,,,105,,99,,101,,,,123,100,,,107,111,,,,,104,100,,,67,,106,48,93,,59,,99,,,136,,,74,61,,116,,59,94,,98,,50,,,95,92,,,,,66,106,93,,,107,96,,,102,,,,,,109,,,,,,99,,,,103,,,,108,107,,,,115,93,82,,,,,35,,,,91,66,,,,,,109,,,,120,,,,,,,83,,,,,,,,,,,,
,,1994,,,,,,,,,,,,,,,,,,,,,,,,,,,,,,,,,,,,,,,,,,,,,,,,,,,,,,,,,,,,,,,,,,,,,,,,,,,,,,,,,,,,,,,,,,,,,,,,,,,,,,,,,,,,,,,,,,,,,,,,,,,,,,,,,,,,,,,,,,,,,,,,,,,,,,,,,,,,,,,,,,,,,,,,,,,,,,,,,,,,,,,,,,,,,,,,,,,,,,,,,,,,,,,,,,,,,,,,,,,,,,,,,,,,
,,,-,,,,,,,,,27,99,86,,,,,,,,99,93,95,,102,,,,106,101,,,,,,109,,,107,99,,,,,99,91,,,21,,83,,,,,108,,103,111,101,101,,,102,73,,,,,,52,74,112,,,116,99,89,,94,97,,,96,,,34,,,,,,,103,98,64,84,,,104,104,99,,101,107,,,,100,,,107,106,146,,,,,104,,,65,107,104,48,90,,57,,99,,,133,,,72,59,,119,,56,93,,102,,,,,97,90,,,,,66,104,,,99,108,97,,,102,108,,,,,,,,,79,,,,,,104,65,,115,108,109,,,,113,93,80,,,,,34,,,,89,67,,,,,107,112,,,,118,,,,,,,81,,,,,,,,,,,,
,,1993,,,,,,,,,,,,,,,,,,,,,,,,,,,,,,,,,,,,,,,,,,,,,,,,,,,,,,,,,,,,,,,,,,,,,,,,,,,,,,,,,,,,,,,,,,,,,,,,,,,,,,,,,,,,,,,,,,,,,,,,,,,,,,,,,,,,,,,,,,,,,,,,,,,,,,,,,,,,,,,,,,,,,,,,,,,,,,,,,,,,,,,,,,,,,,,,,,,,,,,,,,,,,,,,,,,,,,,,,,,,,,,,,,,,
,,,-,,,,,,,,,37,,83,,,,,,,,100,93,97,,102,,,,105,,,,,,,113,,,109,99,,63,,,99,,,,,105,79,116,,,,108,,104,113,102,106,,,102,76,,,102,,104,43,86,107,,,118,103,,,94,96,,,101,117,89,34,,,,,,,,98,62,81,,63,104,105,99,104,102,108,102,,,99,,,103,,144,,,,97,105,,,60,106,,49,92,,52,,98,,,127,,,72,61,,120,,52,95,,100,,44,,,97,89,,,,,65,105,,,100,113,100,,,99,108,,,,,,,,,,,,,,,104,61,,,108,108,,119,,114,92,79,,99,,,,,96,103,85,65,,,,,107,115,,,,,,,,,,,79,,,,,,,,,,,,
,,1992,,,,,,,,,,,,,,,,,,,,,,,,,,,,,,,,,,,,,,,,,,,,,,,,,,,,,,,,,,,,,,,,,,,,,,,,,,,,,,,,,,,,,,,,,,,,,,,,,,,,,,,,,,,,,,,,,,,,,,,,,,,,,,,,,,,,,,,,,,,,,,,,,,,,,,,,,,,,,,,,,,,,,,,,,,,,,,,,,,,,,,,,,,,,,,,,,,,,,,,,,,,,,,,,,,,,,,,,,,,,,,,,,,,,
,,,-,,,,,,,,,,,81,,,,,,,,,92,99,,104,,,,100,,,,,,,115,,,111,100,,60,,71,100,,,,,102,77,119,,,,106,,,116,102,104,,,101,66,,,,,106,,,108,,100,121,104,,,95,97,,,98,120,,,,,,,,,100,97,,82,,,108,104,99,,101,108,,,,100,,,104,106,145,,,,,102,,,,105,,45,92,,53,,96,,,,,,71,60,,122,,50,93,,99,,39,,,101,85,50,,,,62,,,,103,,103,,,100,107,80,,,,,,,,53,,,,,,,63,,,107,108,,119,,104,94,75,,99,,,32,,,102,82,63,,,,59,104,116,,,,,,,,,,,78,,,,,,,,,,,,
,,1991,,,,,,,,,,,,,,,,,,,,,,,,,,,,,,,,,,,,,,,,,,,,,,,,,,,,,,,,,,,,,,,,,,,,,,,,,,,,,,,,,,,,,,,,,,,,,,,,,,,,,,,,,,,,,,,,,,,,,,,,,,,,,,,,,,,,,,,,,,,,,,,,,,,,,,,,,,,,,,,,,,,,,,,,,,,,,,,,,,,,,,,,,,,,,,,,,,,,,,,,,,,,,,,,,,,,,,,,,,,,,,,,,,,,
,,,-,,,,,,,,,51,93,79,,,,,,,,,92,100,,103,,,,100,105,,,,,,117,,,109,100,,58,,71,100,,,,,101,75,119,,,,106,,,114,101,96,,,101,,117,,,,111,,,,,96,119,105,,,97,,,,97,116,,33,,,,,122,,100,96,,82,,,109,105,99,106,101,104,,,,,,,101,,142,,,,,,,,60,104,,50,93,,49,104,99,,,113,,,72,56,,122,,46,92,,100,,37,,,103,80,47,,,,62,105,93,,103,116,105,,,98,,81,,,,,,,,,,,54,,,,60,,117,106,109,,118,,104,94,73,,98,,,33,,103,103,78,62,,,,,104,116,,,,,,79,,,,,78,,,,,,,,,,,,
,,1990,,,,,,,,,,,,,,,,,,,,,,,,,,,,,,,,,,,,,,,,,,,,,,,,,,,,,,,,,,,,,,,,,,,,,,,,,,,,,,,,,,,,,,,,,,,,,,,,,,,,,,,,,,,,,,,,,,,,,,,,,,,,,,,,,,,,,,,,,,,,,,,,,,,,,,,,,,,,,,,,,,,,,,,,,,,,,,,,,,,,,,,,,,,,,,,,,,,,,,,,,,,,,,,,,,,,,,,,,,,,,,,,,,,,
,,,-,,,,,,,,,,91,77,,,,,,,,,91,,,,50,,104,101,,,,,,,111,,,,99,,61,,68,100,98,,,21,105,73,,,,,105,,,112,100,91,,,102,69,,,,,,,,,,,118,106,,,,,66,,97,110,,34,,,,,,,100,,,83,,,109,106,100,,102,104,,,93,95,,,,,146,,,,,,,94,57,106,,49,93,,46,100,98,,,,,,71,56,,124,,43,92,,100,,37,75,,104,72,41,,,106,60,103,,103,104,100,108,,,96,102,80,,,,,,,,50,,,49,,,,63,,116,105,107,,128,,104,93,72,,105,,,34,,100,103,76,61,,,,57,104,114,,,,,,,,,,,88,,,,,,,,,,,,
,,1989,,,,,,,,,,,,,,,,,,,,,,,,,,,,,,,,,,,,,,,,,,,,,,,,,,,,,,,,,,,,,,,,,,,,,,,,,,,,,,,,,,,,,,,,,,,,,,,,,,,,,,,,,,,,,,,,,,,,,,,,,,,,,,,,,,,,,,,,,,,,,,,,,,,,,,,,,,,,,,,,,,,,,,,,,,,,,,,,,,,,,,,,,,,,,,,,,,,,,,,,,,,,,,,,,,,,,,,,,,,,,,,,,,,,
,,,-,,,,,,,,,,93,75,,,,,,,,,92,,,102,49,,103,100,,,,,,,107,,,,99,,59,,67,101,92,,,19,104,74,102,,,,104,,,110,101,94,,,100,69,,,,,101,,,,,,115,107,85,,,,66,,95,115,,34,46,,,,,,101,94,57,82,,63,109,107,98,109,102,106,,,,93,,,,105,145,,,,,,,93,55,103,,48,94,,45,98,97,,,,,,66,,,126,,41,93,,101,163,39,77,,105,68,41,,,108,55,104,,98,104,,107,,,96,,80,,,,,,,,49,,,47,,,,,,113,107,108,,125,,103,93,70,,,,,31,,,102,75,59,,,,,,111,,,,,,82,,,,,73,,,,,,,,,,,,
,,1988,,,,,,,,,,,,,,,,,,,,,,,,,,,,,,,,,,,,,,,,,,,,,,,,,,,,,,,,,,,,,,,,,,,,,,,,,,,,,,,,,,,,,,,,,,,,,,,,,,,,,,,,,,,,,,,,,,,,,,,,,,,,,,,,,,,,,,,,,,,,,,,,,,,,,,,,,,,,,,,,,,,,,,,,,,,,,,,,,,,,,,,,,,,,,,,,,,,,,,,,,,,,,,,,,,,,,,,,,,,,,,,,,,,,
,,,-,,,,,,,,,49,94,74,,,,,110,,,,91,,,100,47,,103,100,,,,,,,103,,,,99,,57,,66,100,90,,,,,73,102,,,,105,,,108,101,117,,,100,72,,,104,,108,,,,,,116,107,74,,,,66,,95,105,,,34,,,,,,101,95,55,80,,62,109,106,98,106,102,108,,79,,92,,,,,151,,,,,101,,84,54,102,,41,96,,44,97,95,,,,,,66,,,,,39,93,,101,174,39,,,105,61,41,,,110,52,98,,98,,114,107,,,,,79,,,,,,,,50,,,47,,,,,,,107,108,,130,,102,92,70,,,,,32,,,100,73,58,,,,,104,106,,,,,,,,,,59,72,,,,,,,,,,,,
,,1987,,,,,,,,,,,,,,,,,,,,,,,,,,,,,,,,,,,,,,,,,,,,,,,,,,,,,,,,,,,,,,,,,,,,,,,,,,,,,,,,,,,,,,,,,,,,,,,,,,,,,,,,,,,,,,,,,,,,,,,,,,,,,,,,,,,,,,,,,,,,,,,,,,,,,,,,,,,,,,,,,,,,,,,,,,,,,,,,,,,,,,,,,,,,,,,,,,,,,,,,,,,,,,,,,,,,,,,,,,,,,,,,,,,,
,,,-,,,,,,,,,,94,73,,,,,109,,,,90,,,99,45,,103,100,104,41,,,,,104,,,,99,,55,,64,100,82,,,18,,73,102,67,,,107,,,106,102,118,,,100,70,,,103,,,,,,,102,116,107,70,,,,69,,95,115,,35,33,103,,,,,101,,54,,,59,110,107,98,110,102,107,,79,,91,,,,,152,,,,,99,,,50,102,,42,97,,42,92,94,,,,,,67,48,,,,36,95,,101,174,38,76,,105,56,40,,,110,51,98,,103,,,120,,,,,78,,,,,,,,,,,,,,,,,,108,109,,126,,103,92,68,,,,,30,,,101,71,57,,,,,104,101,,,,,,,,,,,71,,,,,,,,,,,,
,,1986,,,,,,,,,,,,,,,,,,,,,,,,,,,,,,,,,,,,,,,,,,,,,,,,,,,,,,,,,,,,,,,,,,,,,,,,,,,,,,,,,,,,,,,,,,,,,,,,,,,,,,,,,,,,,,,,,,,,,,,,,,,,,,,,,,,,,,,,,,,,,,,,,,,,,,,,,,,,,,,,,,,,,,,,,,,,,,,,,,,,,,,,,,,,,,,,,,,,,,,,,,,,,,,,,,,,,,,,,,,,,,,,,,,,
,,,-,,,,,,,,,50,93,73,,,,,111,,,,91,96,,99,46,,,101,107,40,,,,,109,,,,99,51,51,,63,100,,,,18,105,70,102,64,,,109,,,107,102,106,,,99,63,,,103,,,,,,,101,116,108,71,,82,,,,97,117,,37,,105,,,,,100,92,54,,,57,110,107,98,111,102,107,,78,,91,,,,,148,,,,,98,,,48,99,,,97,,39,90,93,,,,,,66,48,,,,34,95,,101,182,,70,,105,51,39,,,112,54,98,,103,,115,109,,,,,77,,,,,,,,49,,,,,,,64,54,,107,111,,123,,,91,68,,,,,30,,107,,69,56,,,,52,104,97,,,,,,,,,,59,68,,,,,,,,,,,,
,,1985,,,,,,,,,,,,,,,,,,,,,,,,,,,,,,,,,,,,,,,,,,,,,,,,,,,,,,,,,,,,,,,,,,,,,,,,,,,,,,,,,,,,,,,,,,,,,,,,,,,,,,,,,,,,,,,,,,,,,,,,,,,,,,,,,,,,,,,,,,,,,,,,,,,,,,,,,,,,,,,,,,,,,,,,,,,,,,,,,,,,,,,,,,,,,,,,,,,,,,,,,,,,,,,,,,,,,,,,,,,,,,,,,,,,
,,,-,,,,,,,,,46,94,72,,,,,112,,,,92,,,95,40,,,102,,42,,21,,,112,,,,99,55,52,,61,100,,,,17,105,70,102,,,,112,,,106,102,106,,,98,58,,,102,,,,,,,101,117,108,69,,,,62,,98,118,,38,27,101,,,,,100,,,,,57,110,107,98,108,102,103,,74,,90,,,,96,146,,,,,,,,46,100,,,97,,,90,89,,,,,,67,44,,,,31,97,,102,208,,,,105,46,36,,,111,,98,90,106,,,108,,,,,76,,,,,,,,49,,,44,,,,,54,,104,110,,,,112,91,66,,,,,31,,111,101,67,58,,,,,104,94,,,,,,,,,,,68,,,,,,,,,,,,
,,1984,,,,,,,,,,,,,,,,,,,,,,,,,,,,,,,,,,,,,,,,,,,,,,,,,,,,,,,,,,,,,,,,,,,,,,,,,,,,,,,,,,,,,,,,,,,,,,,,,,,,,,,,,,,,,,,,,,,,,,,,,,,,,,,,,,,,,,,,,,,,,,,,,,,,,,,,,,,,,,,,,,,,,,,,,,,,,,,,,,,,,,,,,,,,,,,,,,,,,,,,,,,,,,,,,,,,,,,,,,,,,,,,,,,,
,,,-,,,,,,,,,47,97,70,,,,,111,,,,90,,,91,41,,,102,,,,21,,,114,,,109,99,53,48,,59,99,,,,,105,69,102,,,,112,,,105,103,106,,,98,56,,,103,,99,,,,,102,116,,66,,,,61,,97,117,,40,23,100,,,117,,99,91,51,74,,55,110,108,98,108,102,101,,74,,90,,,,96,149,,,,,,,,43,99,,39,89,,,87,91,,,,,,66,,,,,31,96,,102,140,,34,,106,41,35,,,112,53,,,106,,,106,,,,,75,,,,,,,,48,,,44,,,,,55,,104,111,,,94,113,90,63,,,,,32,,108,102,64,56,,,,,104,89,,,,,,,,,,,68,,,,,,,,,,,,
,,1983,,,,,,,,,,,,,,,,,,,,,,,,,,,,,,,,,,,,,,,,,,,,,,,,,,,,,,,,,,,,,,,,,,,,,,,,,,,,,,,,,,,,,,,,,,,,,,,,,,,,,,,,,,,,,,,,,,,,,,,,,,,,,,,,,,,,,,,,,,,,,,,,,,,,,,,,,,,,,,,,,,,,,,,,,,,,,,,,,,,,,,,,,,,,,,,,,,,,,,,,,,,,,,,,,,,,,,,,,,,,,,,,,,,,
,,,-,,,,,,,,,,97,,,49,,,108,,,,90,,,84,,,,103,,,,21,,,118,,,109,99,51,48,,57,99,,,,,105,68,116,,,,116,,,108,104,107,,,98,58,,,103,,96,,,,,105,112,110,64,,,,61,,96,135,88,39,24,,,,109,,99,92,55,74,,55,111,108,98,109,102,99,,71,,89,,,,,155,,,,,92,,,42,98,,38,90,,,90,89,,,114,,,64,43,,,,29,96,,103,122,,40,,104,37,35,,,112,,,,108,,,103,,,,,76,,,,,,,,49,,,,,,,,51,,106,110,,,96,112,90,61,,,,,33,,,102,62,56,,,,,104,88,,,,,,65,,,,,69,,,,,,,,,,,,
,,1982,,,,,,,,,,,,,,,,,,,,,,,,,,,,,,,,,,,,,,,,,,,,,,,,,,,,,,,,,,,,,,,,,,,,,,,,,,,,,,,,,,,,,,,,,,,,,,,,,,,,,,,,,,,,,,,,,,,,,,,,,,,,,,,,,,,,,,,,,,,,,,,,,,,,,,,,,,,,,,,,,,,,,,,,,,,,,,,,,,,,,,,,,,,,,,,,,,,,,,,,,,,,,,,,,,,,,,,,,,,,,,,,,,,,
,,,-,,,,,,,,,46,94,67,,47,,,111,,,,90,,,83,,,,102,,,,,,,,,,107,99,55,57,,56,101,,,,,106,67,104,,,,117,,,105,104,107,,,99,56,,,99,,,,,,,,112,111,62,,,,63,,92,146,86,40,21,,,,114,,99,,50,70,,51,112,,97,,102,96,,71,,89,,,,101,150,,,,,94,,,41,97,,38,88,,,91,89,,,,,,62,39,,,,27,96,,103,118,34,54,,106,38,37,,,112,49,,88,108,,,102,,,,,78,,,,,,,,50,,,,,,,,50,,100,111,,,96,113,90,60,,,,,33,,98,101,61,55,,,,49,104,89,,,,,,,,,,54,70,,,,,,,,,,,,
,,1981,,,,,,,,,,,,,,,,,,,,,,,,,,,,,,,,,,,,,,,,,,,,,,,,,,,,,,,,,,,,,,,,,,,,,,,,,,,,,,,,,,,,,,,,,,,,,,,,,,,,,,,,,,,,,,,,,,,,,,,,,,,,,,,,,,,,,,,,,,,,,,,,,,,,,,,,,,,,,,,,,,,,,,,,,,,,,,,,,,,,,,,,,,,,,,,,,,,,,,,,,,,,,,,,,,,,,,,,,,,,,,,,,,,,
,,,-,,,,,,,,,26,92,65,,,,,116,,,,89,96,,83,23,,,103,,,,,,,124,,,108,99,51,46,,54,102,,,,,110,69,104,52,,,118,,,105,103,,,,98,57,,,99,,,,,,,106,111,119,64,,75,,63,,89,141,86,40,24,,,,,,97,91,50,69,,50,112,,96,113,102,90,,71,,90,,,,,152,,,,,77,,,39,94,,41,88,,27,93,88,,,,,,60,37,,,,26,95,,102,,36,50,,105,33,37,,,112,44,,88,117,,,104,,,,,77,,,,,,,,48,,,,,,,,48,,103,110,,,96,111,90,59,,,,,,,95,,60,,,,,44,105,87,,,,,,74,,,,55,72,,,,,,,,,,,,
,,1980,,,,,,,,,,,,,,,,,,,,,,,,,,,,,,,,,,,,,,,,,,,,,,,,,,,,,,,,,,,,,,,,,,,,,,,,,,,,,,,,,,,,,,,,,,,,,,,,,,,,,,,,,,,,,,,,,,,,,,,,,,,,,,,,,,,,,,,,,,,,,,,,,,,,,,,,,,,,,,,,,,,,,,,,,,,,,,,,,,,,,,,,,,,,,,,,,,,,,,,,,,,,,,,,,,,,,,,,,,,,,,,,,,,,
,,,-,,,,,,,,,,92,63,,,,,115,,,,,,,87,32,,105,102,,,,,,,120,,,106,97,57,47,,54,102,,,,,108,73,103,,,,120,,,106,102,105,,,97,58,,,98,,87,,,,,105,111,110,62,,,,64,,86,119,82,38,20,,,,103,,96,98,49,,,46,112,110,95,113,101,88,,70,,90,,,,91,149,38,,,,102,,,41,92,,38,89,,,96,82,,,110,,,60,37,,,,26,94,,102,115,34,46,,103,30,37,,,112,,,85,,,73,110,,,,,79,,,,100,,,,48,,,,,,,,34,,103,,,,95,110,89,57,,,,,31,,,,60,51,,,,,,88,,,,,,79,,,,53,,,,,,,,,,,,,
